family_id,assigned_day
0,75
1,50
2,16
3,93
4,53
5,23
6,35
7,63
8,10
9,73
10,24
11,6
12,1
13,30
14,95
15,96
16,79
17,78
18,53
19,48
20,98
21,9
22,75
23,63
24,71
25,43
26,39
27,78
28,84
29,15
30,61
31,65
32,17
33,25
34,80
35,83
36,27
37,51
38,58
39,87
40,37
41,78
42,48
43,72
44,43
45,44
46,35
47,67
48,100
49,88
50,33
51,39
52,25
53,44
54,64
55,24
56,41
57,8
58,26
59,6
60,46
61,59
62,46
63,81
64,42
65,75
66,49
67,7
68,38
69,81
70,82
71,96
72,56
73,62
74,10
75,69
76,55
77,24
78,90
79,59
80,75
81,27
82,90
83,57
84,29
85,88
86,97
87,22
88,67
89,64
90,65
91,100
92,29
93,97
94,69
95,86
96,77
97,17
98,60
99,60
100,49
101,28
102,99
103,79
104,71
105,39
106,56
107,37
108,32
109,78
110,13
111,14
112,11
113,24
114,86
115,55
116,7
117,16
118,70
119,78
120,51
121,25
122,4
123,63
124,91
125,88
126,51
127,16
128,43
129,31
130,71
131,63
132,3
133,73
134,84
135,61
136,53
137,38
138,18
139,81
140,67
141,91
142,94
143,46
144,58
145,47
146,46
147,5
148,67
149,68
150,92
151,43
152,62
153,83
154,8
155,70
156,19
157,17
158,81
159,26
160,95
161,14
162,75
163,49
164,5
165,12
166,58
167,99
168,67
169,6
170,71
171,60
172,87
173,43
174,8
175,37
176,75
177,68
178,53
179,66
180,99
181,60
182,25
183,46
184,27
185,84
186,68
187,47
188,96
189,46
190,11
191,100
192,78
193,12
194,25
195,29
196,49
197,40
198,70
199,92
200,16
201,33
202,98
203,27
204,8
205,100
206,90
207,5
208,62
209,11
210,21
211,98
212,24
213,13
214,2
215,9
216,16
217,39
218,49
219,92
220,81
221,55
222,21
223,17
224,40
225,93
226,35
227,5
228,27
229,76
230,57
231,19
232,27
233,50
234,25
235,99
236,11
237,96
238,83
239,18
240,92
241,11
242,15
243,64
244,89
245,64
246,98
247,40
248,44
249,14
250,59
251,27
252,55
253,76
254,21
255,13
256,96
257,1
258,58
259,23
260,81
261,62
262,74
263,50
264,74
265,56
266,89
267,82
268,2
269,13
270,5
271,100
272,37
273,5
274,85
275,4
276,65
277,24
278,63
279,98
280,36
281,89
282,50
283,83
284,56
285,4
286,53
287,21
288,53
289,66
290,48
291,80
292,84
293,6
294,51
295,77
296,11
297,66
298,16
299,43
300,54
301,61
302,19
303,44
304,81
305,96
306,6
307,39
308,50
309,36
310,70
311,77
312,38
313,35
314,97
315,22
316,26
317,49
318,28
319,13
320,94
321,40
322,78
323,85
324,34
325,39
326,44
327,60
328,94
329,57
330,100
331,77
332,14
333,61
334,17
335,76
336,18
337,2
338,76
339,71
340,63
341,45
342,78
343,89
344,41
345,20
346,19
347,79
348,31
349,53
350,58
351,6
352,76
353,11
354,99
355,7
356,71
357,47
358,59
359,74
360,86
361,86
362,29
363,74
364,41
365,54
366,43
367,67
368,3
369,72
370,28
371,80
372,89
373,82
374,1
375,38
376,55
377,96
378,85
379,63
380,77
381,78
382,5
383,10
384,31
385,45
386,16
387,77
388,74
389,53
390,6
391,61
392,59
393,24
394,33
395,78
396,60
397,83
398,40
399,59
400,26
401,64
402,5
403,69
404,32
405,42
406,74
407,15
408,2
409,67
410,50
411,44
412,66
413,3
414,80
415,34
416,86
417,22
418,100
419,62
420,11
421,6
422,45
423,38
424,55
425,53
426,59
427,62
428,37
429,98
430,48
431,15
432,95
433,45
434,11
435,80
436,39
437,67
438,45
439,88
440,74
441,27
442,73
443,99
444,33
445,78
446,12
447,8
448,97
449,58
450,29
451,3
452,96
453,19
454,36
455,29
456,14
457,10
458,63
459,31
460,16
461,28
462,25
463,17
464,5
465,46
466,78
467,38
468,29
469,5
470,32
471,79
472,63
473,67
474,67
475,5
476,8
477,100
478,54
479,67
480,82
481,40
482,74
483,49
484,22
485,82
486,46
487,62
488,1
489,61
490,80
491,78
492,19
493,14
494,61
495,1
496,19
497,16
498,44
499,1
500,43
501,72
502,9
503,40
504,7
505,29
506,10
507,70
508,50
509,33
510,64
511,53
512,44
513,86
514,66
515,65
516,97
517,84
518,2
519,66
520,81
521,50
522,39
523,16
524,12
525,81
526,5
527,35
528,35
529,25
530,32
531,88
532,1
533,100
534,42
535,76
536,54
537,68
538,18
539,89
540,16
541,32
542,13
543,77
544,87
545,63
546,85
547,46
548,68
549,75
550,59
551,51
552,23
553,81
554,11
555,92
556,21
557,16
558,1
559,14
560,34
561,37
562,95
563,1
564,5
565,60
566,89
567,87
568,45
569,24
570,60
571,87
572,11
573,92
574,65
575,7
576,65
577,56
578,75
579,51
580,79
581,88
582,54
583,15
584,58
585,36
586,53
587,4
588,36
589,33
590,49
591,55
592,94
593,38
594,34
595,28
596,90
597,66
598,68
599,81
600,37
601,81
602,15
603,55
604,61
605,3
606,92
607,81
608,95
609,74
610,48
611,30
612,41
613,9
614,45
615,74
616,22
617,85
618,98
619,68
620,87
621,76
622,13
623,53
624,99
625,93
626,70
627,17
628,46
629,9
630,53
631,40
632,16
633,76
634,28
635,30
636,80
637,40
638,1
639,39
640,1
641,40
642,70
643,21
644,40
645,26
646,73
647,52
648,32
649,17
650,57
651,77
652,30
653,17
654,58
655,45
656,6
657,68
658,98
659,3
660,92
661,88
662,52
663,89
664,77
665,64
666,17
667,32
668,4
669,56
670,94
671,99
672,23
673,8
674,67
675,87
676,42
677,70
678,85
679,69
680,89
681,37
682,64
683,63
684,93
685,62
686,66
687,47
688,54
689,53
690,17
691,87
692,97
693,77
694,71
695,99
696,6
697,48
698,90
699,48
700,27
701,1
702,100
703,34
704,95
705,87
706,86
707,74
708,10
709,87
710,68
711,15
712,30
713,86
714,89
715,39
716,17
717,6
718,90
719,70
720,81
721,80
722,53
723,16
724,95
725,86
726,3
727,46
728,69
729,27
730,44
731,30
732,72
733,57
734,76
735,98
736,7
737,61
738,52
739,39
740,22
741,41
742,12
743,77
744,47
745,14
746,8
747,1
748,29
749,98
750,99
751,37
752,33
753,21
754,55
755,61
756,14
757,84
758,56
759,4
760,12
761,78
762,17
763,25
764,98
765,51
766,44
767,79
768,53
769,38
770,41
771,49
772,24
773,32
774,60
775,4
776,89
777,52
778,21
779,3
780,6
781,25
782,28
783,9
784,78
785,29
786,85
787,52
788,38
789,70
790,46
791,72
792,24
793,74
794,69
795,18
796,54
797,29
798,53
799,18
800,57
801,38
802,23
803,64
804,15
805,38
806,13
807,46
808,76
809,72
810,96
811,13
812,4
813,2
814,92
815,93
816,50
817,23
818,92
819,63
820,85
821,18
822,11
823,78
824,22
825,53
826,63
827,77
828,79
829,97
830,51
831,25
832,86
833,72
834,5
835,49
836,12
837,49
838,56
839,26
840,95
841,79
842,71
843,26
844,48
845,82
846,65
847,42
848,49
849,39
850,41
851,20
852,34
853,94
854,88
855,60
856,33
857,38
858,44
859,46
860,39
861,78
862,96
863,1
864,54
865,46
866,90
867,58
868,100
869,54
870,86
871,23
872,1
873,9
874,78
875,69
876,67
877,4
878,73
879,47
880,67
881,14
882,1
883,14
884,64
885,3
886,42
887,16
888,59
889,52
890,42
891,60
892,78
893,31
894,75
895,98
896,14
897,89
898,88
899,88
900,52
901,67
902,27
903,17
904,87
905,79
906,12
907,25
908,74
909,27
910,44
911,34
912,74
913,16
914,76
915,11
916,50
917,10
918,26
919,59
920,8
921,7
922,71
923,15
924,37
925,78
926,27
927,45
928,45
929,40
930,51
931,22
932,88
933,84
934,71
935,26
936,85
937,64
938,84
939,46
940,60
941,27
942,17
943,2
944,26
945,13
946,16
947,55
948,75
949,92
950,61
951,87
952,33
953,58
954,45
955,33
956,33
957,1
958,64
959,48
960,58
961,22
962,23
963,63
964,10
965,84
966,17
967,68
968,28
969,51
970,14
971,58
972,7
973,61
974,60
975,58
976,27
977,91
978,54
979,26
980,87
981,3
982,32
983,34
984,44
985,64
986,17
987,57
988,24
989,71
990,5
991,5
992,6
993,97
994,93
995,79
996,12
997,92
998,28
999,28
1000,4
1001,99
1002,12
1003,59
1004,49
1005,68
1006,63
1007,46
1008,46
1009,14
1010,87
1011,61
1012,78
1013,95
1014,52
1015,97
1016,14
1017,36
1018,64
1019,40
1020,48
1021,4
1022,37
1023,29
1024,49
1025,47
1026,43
1027,74
1028,54
1029,70
1030,31
1031,97
1032,73
1033,72
1034,3
1035,63
1036,94
1037,82
1038,77
1039,13
1040,45
1041,65
1042,49
1043,22
1044,94
1045,73
1046,7
1047,18
1048,89
1049,19
1050,100
1051,12
1052,62
1053,25
1054,36
1055,31
1056,27
1057,80
1058,60
1059,68
1060,42
1061,76
1062,100
1063,72
1064,71
1065,5
1066,13
1067,81
1068,25
1069,64
1070,25
1071,67
1072,33
1073,70
1074,37
1075,41
1076,36
1077,25
1078,32
1079,61
1080,82
1081,1
1082,28
1083,97
1084,26
1085,20
1086,97
1087,4
1088,52
1089,87
1090,89
1091,3
1092,27
1093,31
1094,4
1095,73
1096,44
1097,55
1098,23
1099,40
1100,93
1101,32
1102,44
1103,58
1104,57
1105,43
1106,38
1107,5
1108,10
1109,21
1110,39
1111,27
1112,57
1113,31
1114,7
1115,66
1116,37
1117,30
1118,17
1119,61
1120,25
1121,66
1122,73
1123,28
1124,2
1125,88
1126,52
1127,21
1128,48
1129,5
1130,26
1131,24
1132,10
1133,92
1134,24
1135,56
1136,4
1137,17
1138,91
1139,37
1140,44
1141,64
1142,32
1143,87
1144,38
1145,8
1146,1
1147,40
1148,73
1149,71
1150,12
1151,85
1152,3
1153,31
1154,72
1155,72
1156,66
1157,51
1158,9
1159,94
1160,56
1161,81
1162,13
1163,30
1164,33
1165,46
1166,44
1167,3
1168,19
1169,6
1170,11
1171,61
1172,94
1173,19
1174,2
1175,33
1176,88
1177,30
1178,2
1179,67
1180,9
1181,54
1182,20
1183,91
1184,30
1185,32
1186,23
1187,39
1188,50
1189,72
1190,19
1191,18
1192,29
1193,100
1194,49
1195,87
1196,48
1197,76
1198,12
1199,61
1200,99
1201,42
1202,61
1203,100
1204,98
1205,80
1206,72
1207,52
1208,39
1209,57
1210,42
1211,31
1212,23
1213,59
1214,57
1215,14
1216,61
1217,17
1218,60
1219,51
1220,71
1221,29
1222,76
1223,92
1224,26
1225,91
1226,64
1227,7
1228,38
1229,71
1230,93
1231,95
1232,61
1233,50
1234,92
1235,34
1236,81
1237,33
1238,48
1239,68
1240,3
1241,50
1242,12
1243,99
1244,12
1245,40
1246,39
1247,94
1248,16
1249,94
1250,56
1251,20
1252,50
1253,18
1254,1
1255,66
1256,33
1257,38
1258,60
1259,32
1260,35
1261,7
1262,37
1263,99
1264,64
1265,58
1266,9
1267,6
1268,32
1269,81
1270,37
1271,37
1272,19
1273,41
1274,38
1275,48
1276,96
1277,95
1278,83
1279,22
1280,3
1281,60
1282,19
1283,12
1284,71
1285,73
1286,17
1287,97
1288,6
1289,98
1290,95
1291,86
1292,95
1293,97
1294,64
1295,59
1296,26
1297,89
1298,57
1299,53
1300,54
1301,2
1302,75
1303,98
1304,91
1305,33
1306,7
1307,91
1308,49
1309,37
1310,32
1311,64
1312,61
1313,14
1314,44
1315,85
1316,91
1317,9
1318,9
1319,19
1320,93
1321,25
1322,26
1323,53
1324,10
1325,34
1326,31
1327,66
1328,31
1329,15
1330,70
1331,84
1332,3
1333,1
1334,37
1335,6
1336,16
1337,16
1338,85
1339,15
1340,36
1341,69
1342,40
1343,79
1344,85
1345,1
1346,23
1347,64
1348,62
1349,13
1350,75
1351,89
1352,63
1353,23
1354,91
1355,73
1356,30
1357,88
1358,99
1359,95
1360,39
1361,14
1362,39
1363,33
1364,90
1365,88
1366,69
1367,64
1368,16
1369,90
1370,38
1371,37
1372,27
1373,22
1374,14
1375,99
1376,57
1377,56
1378,81
1379,54
1380,24
1381,36
1382,85
1383,56
1384,99
1385,42
1386,53
1387,87
1388,85
1389,80
1390,47
1391,85
1392,31
1393,93
1394,67
1395,11
1396,1
1397,64
1398,38
1399,55
1400,59
1401,80
1402,13
1403,73
1404,87
1405,17
1406,33
1407,7
1408,92
1409,61
1410,49
1411,45
1412,56
1413,61
1414,88
1415,54
1416,9
1417,75
1418,85
1419,11
1420,44
1421,27
1422,28
1423,44
1424,72
1425,21
1426,22
1427,10
1428,82
1429,21
1430,49
1431,33
1432,94
1433,66
1434,34
1435,14
1436,81
1437,72
1438,93
1439,49
1440,40
1441,88
1442,5
1443,66
1444,33
1445,73
1446,15
1447,61
1448,32
1449,48
1450,98
1451,51
1452,33
1453,28
1454,76
1455,62
1456,23
1457,55
1458,34
1459,74
1460,67
1461,22
1462,14
1463,69
1464,45
1465,33
1466,15
1467,47
1468,7
1469,82
1470,88
1471,83
1472,9
1473,95
1474,39
1475,24
1476,44
1477,74
1478,29
1479,72
1480,85
1481,1
1482,47
1483,98
1484,43
1485,91
1486,62
1487,22
1488,31
1489,15
1490,42
1491,4
1492,20
1493,87
1494,4
1495,1
1496,75
1497,36
1498,51
1499,47
1500,7
1501,54
1502,53
1503,96
1504,39
1505,37
1506,51
1507,89
1508,58
1509,48
1510,44
1511,89
1512,95
1513,28
1514,6
1515,66
1516,58
1517,71
1518,62
1519,58
1520,27
1521,38
1522,9
1523,69
1524,22
1525,74
1526,51
1527,68
1528,33
1529,31
1530,18
1531,10
1532,47
1533,57
1534,79
1535,97
1536,46
1537,10
1538,19
1539,37
1540,33
1541,89
1542,15
1543,81
1544,100
1545,34
1546,22
1547,33
1548,18
1549,78
1550,79
1551,92
1552,18
1553,93
1554,35
1555,26
1556,20
1557,50
1558,11
1559,65
1560,23
1561,11
1562,60
1563,13
1564,53
1565,85
1566,56
1567,69
1568,97
1569,92
1570,12
1571,10
1572,16
1573,69
1574,98
1575,88
1576,93
1577,6
1578,23
1579,12
1580,68
1581,11
1582,42
1583,65
1584,2
1585,17
1586,46
1587,22
1588,6
1589,22
1590,22
1591,71
1592,50
1593,7
1594,25
1595,79
1596,95
1597,81
1598,30
1599,5
1600,97
1601,75
1602,100
1603,3
1604,67
1605,3
1606,20
1607,69
1608,11
1609,91
1610,27
1611,7
1612,1
1613,74
1614,68
1615,30
1616,5
1617,79
1618,64
1619,69
1620,58
1621,18
1622,12
1623,94
1624,5
1625,24
1626,48
1627,80
1628,96
1629,40
1630,94
1631,33
1632,50
1633,64
1634,1
1635,27
1636,52
1637,8
1638,3
1639,40
1640,60
1641,88
1642,84
1643,8
1644,58
1645,1
1646,4
1647,86
1648,11
1649,46
1650,1
1651,59
1652,59
1653,42
1654,49
1655,9
1656,75
1657,20
1658,77
1659,11
1660,62
1661,59
1662,4
1663,95
1664,18
1665,20
1666,19
1667,30
1668,71
1669,92
1670,75
1671,21
1672,5
1673,9
1674,43
1675,18
1676,89
1677,55
1678,16
1679,63
1680,93
1681,94
1682,42
1683,16
1684,49
1685,22
1686,35
1687,59
1688,74
1689,38
1690,2
1691,98
1692,18
1693,69
1694,81
1695,6
1696,38
1697,93
1698,14
1699,12
1700,82
1701,47
1702,94
1703,14
1704,88
1705,24
1706,31
1707,78
1708,37
1709,51
1710,12
1711,38
1712,96
1713,96
1714,50
1715,99
1716,11
1717,72
1718,33
1719,45
1720,45
1721,65
1722,60
1723,50
1724,51
1725,55
1726,20
1727,52
1728,27
1729,44
1730,3
1731,61
1732,19
1733,24
1734,52
1735,73
1736,34
1737,82
1738,44
1739,45
1740,56
1741,46
1742,50
1743,90
1744,7
1745,81
1746,80
1747,1
1748,73
1749,80
1750,79
1751,78
1752,73
1753,8
1754,65
1755,53
1756,7
1757,34
1758,43
1759,71
1760,69
1761,81
1762,76
1763,10
1764,97
1765,11
1766,72
1767,2
1768,23
1769,7
1770,98
1771,11
1772,94
1773,11
1774,38
1775,68
1776,98
1777,57
1778,21
1779,76
1780,40
1781,48
1782,31
1783,14
1784,16
1785,37
1786,90
1787,17
1788,73
1789,3
1790,34
1791,25
1792,39
1793,51
1794,30
1795,65
1796,98
1797,86
1798,23
1799,93
1800,13
1801,17
1802,88
1803,70
1804,37
1805,77
1806,94
1807,9
1808,39
1809,71
1810,25
1811,57
1812,1
1813,90
1814,70
1815,66
1816,67
1817,93
1818,17
1819,57
1820,19
1821,45
1822,90
1823,100
1824,7
1825,40
1826,75
1827,12
1828,55
1829,64
1830,35
1831,99
1832,68
1833,82
1834,85
1835,82
1836,81
1837,49
1838,73
1839,28
1840,61
1841,17
1842,98
1843,76
1844,30
1845,26
1846,5
1847,64
1848,87
1849,23
1850,2
1851,35
1852,91
1853,25
1854,9
1855,88
1856,96
1857,46
1858,4
1859,88
1860,60
1861,75
1862,17
1863,64
1864,100
1865,1
1866,34
1867,43
1868,37
1869,59
1870,92
1871,72
1872,31
1873,13
1874,57
1875,55
1876,55
1877,15
1878,70
1879,40
1880,79
1881,66
1882,59
1883,42
1884,91
1885,99
1886,9
1887,97
1888,57
1889,20
1890,23
1891,18
1892,59
1893,69
1894,18
1895,95
1896,41
1897,20
1898,45
1899,43
1900,8
1901,51
1902,5
1903,96
1904,61
1905,57
1906,25
1907,9
1908,56
1909,38
1910,69
1911,2
1912,98
1913,36
1914,97
1915,43
1916,81
1917,69
1918,14
1919,4
1920,74
1921,42
1922,78
1923,99
1924,47
1925,25
1926,23
1927,73
1928,81
1929,74
1930,50
1931,76
1932,85
1933,22
1934,98
1935,96
1936,55
1937,97
1938,71
1939,20
1940,4
1941,100
1942,71
1943,86
1944,42
1945,28
1946,15
1947,12
1948,91
1949,56
1950,65
1951,81
1952,7
1953,17
1954,73
1955,63
1956,72
1957,100
1958,67
1959,68
1960,14
1961,45
1962,66
1963,69
1964,1
1965,62
1966,68
1967,14
1968,45
1969,95
1970,95
1971,16
1972,45
1973,45
1974,4
1975,70
1976,92
1977,6
1978,100
1979,19
1980,47
1981,17
1982,94
1983,63
1984,3
1985,93
1986,80
1987,6
1988,32
1989,97
1990,25
1991,51
1992,73
1993,19
1994,12
1995,63
1996,88
1997,4
1998,96
1999,79
2000,34
2001,98
2002,29
2003,89
2004,94
2005,46
2006,15
2007,34
2008,92
2009,33
2010,33
2011,17
2012,55
2013,86
2014,89
2015,65
2016,55
2017,14
2018,25
2019,81
2020,60
2021,89
2022,66
2023,32
2024,45
2025,46
2026,25
2027,88
2028,51
2029,75
2030,90
2031,9
2032,2
2033,4
2034,58
2035,92
2036,36
2037,16
2038,15
2039,15
2040,11
2041,23
2042,92
2043,4
2044,9
2045,63
2046,54
2047,3
2048,59
2049,92
2050,75
2051,75
2052,51
2053,59
2054,31
2055,84
2056,24
2057,8
2058,67
2059,94
2060,25
2061,6
2062,7
2063,59
2064,53
2065,27
2066,93
2067,95
2068,25
2069,79
2070,71
2071,86
2072,78
2073,87
2074,99
2075,2
2076,2
2077,49
2078,56
2079,69
2080,35
2081,54
2082,55
2083,79
2084,45
2085,74
2086,38
2087,40
2088,26
2089,100
2090,9
2091,23
2092,41
2093,67
2094,56
2095,55
2096,14
2097,90
2098,18
2099,76
2100,40
2101,30
2102,11
2103,30
2104,93
2105,12
2106,72
2107,38
2108,54
2109,89
2110,55
2111,78
2112,99
2113,70
2114,26
2115,77
2116,1
2117,10
2118,52
2119,93
2120,74
2121,32
2122,25
2123,39
2124,88
2125,76
2126,33
2127,15
2128,49
2129,98
2130,72
2131,82
2132,13
2133,89
2134,68
2135,100
2136,47
2137,54
2138,98
2139,45
2140,15
2141,44
2142,54
2143,26
2144,41
2145,67
2146,57
2147,27
2148,64
2149,48
2150,43
2151,7
2152,71
2153,13
2154,70
2155,12
2156,43
2157,94
2158,24
2159,2
2160,37
2161,1
2162,10
2163,32
2164,36
2165,89
2166,46
2167,31
2168,36
2169,20
2170,43
2171,20
2172,29
2173,32
2174,12
2175,30
2176,32
2177,24
2178,39
2179,51
2180,36
2181,32
2182,69
2183,25
2184,38
2185,16
2186,5
2187,98
2188,66
2189,86
2190,43
2191,25
2192,17
2193,43
2194,88
2195,65
2196,87
2197,43
2198,6
2199,94
2200,11
2201,14
2202,25
2203,12
2204,81
2205,82
2206,14
2207,15
2208,95
2209,50
2210,4
2211,1
2212,89
2213,23
2214,50
2215,16
2216,35
2217,86
2218,38
2219,22
2220,53
2221,14
2222,59
2223,53
2224,96
2225,38
2226,47
2227,34
2228,53
2229,48
2230,26
2231,28
2232,73
2233,31
2234,9
2235,38
2236,51
2237,34
2238,29
2239,6
2240,89
2241,35
2242,38
2243,77
2244,43
2245,56
2246,46
2247,61
2248,63
2249,48
2250,37
2251,34
2252,67
2253,71
2254,10
2255,67
2256,57
2257,9
2258,18
2259,94
2260,71
2261,54
2262,46
2263,80
2264,10
2265,70
2266,25
2267,90
2268,44
2269,72
2270,37
2271,20
2272,31
2273,76
2274,8
2275,1
2276,36
2277,23
2278,22
2279,84
2280,8
2281,95
2282,44
2283,11
2284,6
2285,97
2286,27
2287,61
2288,93
2289,52
2290,6
2291,95
2292,42
2293,82
2294,67
2295,93
2296,65
2297,50
2298,22
2299,60
2300,12
2301,45
2302,87
2303,98
2304,31
2305,99
2306,58
2307,3
2308,51
2309,88
2310,82
2311,41
2312,37
2313,17
2314,56
2315,67
2316,75
2317,12
2318,58
2319,44
2320,46
2321,75
2322,29
2323,82
2324,60
2325,30
2326,97
2327,69
2328,31
2329,94
2330,66
2331,84
2332,67
2333,21
2334,33
2335,21
2336,87
2337,52
2338,72
2339,91
2340,50
2341,13
2342,24
2343,80
2344,94
2345,9
2346,96
2347,51
2348,84
2349,6
2350,39
2351,71
2352,70
2353,61
2354,72
2355,29
2356,56
2357,82
2358,85
2359,9
2360,95
2361,63
2362,58
2363,29
2364,92
2365,92
2366,3
2367,49
2368,90
2369,31
2370,15
2371,7
2372,23
2373,89
2374,88
2375,77
2376,23
2377,89
2378,5
2379,18
2380,51
2381,67
2382,34
2383,100
2384,78
2385,96
2386,13
2387,93
2388,4
2389,35
2390,28
2391,65
2392,78
2393,25
2394,28
2395,1
2396,84
2397,15
2398,5
2399,67
2400,100
2401,96
2402,17
2403,12
2404,10
2405,69
2406,54
2407,76
2408,68
2409,57
2410,57
2411,2
2412,21
2413,42
2414,30
2415,23
2416,11
2417,23
2418,35
2419,89
2420,34
2421,69
2422,50
2423,4
2424,33
2425,99
2426,85
2427,8
2428,53
2429,21
2430,51
2431,69
2432,50
2433,77
2434,99
2435,26
2436,26
2437,28
2438,64
2439,14
2440,82
2441,8
2442,48
2443,29
2444,81
2445,96
2446,95
2447,33
2448,82
2449,82
2450,67
2451,94
2452,55
2453,81
2454,2
2455,93
2456,50
2457,82
2458,16
2459,82
2460,26
2461,84
2462,76
2463,27
2464,31
2465,45
2466,36
2467,53
2468,98
2469,24
2470,50
2471,62
2472,90
2473,85
2474,88
2475,50
2476,90
2477,67
2478,10
2479,23
2480,47
2481,95
2482,25
2483,95
2484,46
2485,8
2486,12
2487,39
2488,68
2489,84
2490,29
2491,19
2492,44
2493,40
2494,11
2495,80
2496,8
2497,92
2498,44
2499,32
2500,89
2501,44
2502,56
2503,53
2504,52
2505,76
2506,55
2507,32
2508,93
2509,74
2510,31
2511,18
2512,44
2513,13
2514,59
2515,28
2516,85
2517,100
2518,100
2519,74
2520,72
2521,8
2522,85
2523,59
2524,6
2525,20
2526,76
2527,49
2528,4
2529,59
2530,88
2531,65
2532,54
2533,28
2534,92
2535,62
2536,79
2537,1
2538,29
2539,49
2540,54
2541,46
2542,30
2543,27
2544,8
2545,78
2546,64
2547,98
2548,72
2549,56
2550,82
2551,32
2552,20
2553,74
2554,97
2555,91
2556,65
2557,52
2558,81
2559,67
2560,15
2561,11
2562,26
2563,19
2564,14
2565,20
2566,32
2567,1
2568,44
2569,5
2570,60
2571,62
2572,86
2573,40
2574,94
2575,64
2576,4
2577,47
2578,72
2579,48
2580,43
2581,36
2582,72
2583,63
2584,38
2585,52
2586,85
2587,14
2588,43
2589,74
2590,52
2591,61
2592,46
2593,1
2594,32
2595,9
2596,18
2597,57
2598,34
2599,67
2600,24
2601,63
2602,67
2603,46
2604,68
2605,9
2606,11
2607,92
2608,96
2609,83
2610,21
2611,43
2612,48
2613,46
2614,93
2615,5
2616,35
2617,53
2618,77
2619,16
2620,69
2621,46
2622,31
2623,71
2624,11
2625,36
2626,44
2627,92
2628,20
2629,52
2630,12
2631,63
2632,54
2633,83
2634,14
2635,43
2636,11
2637,77
2638,52
2639,80
2640,10
2641,30
2642,92
2643,30
2644,38
2645,13
2646,12
2647,41
2648,68
2649,68
2650,25
2651,1
2652,63
2653,47
2654,50
2655,78
2656,49
2657,60
2658,88
2659,34
2660,40
2661,80
2662,99
2663,99
2664,93
2665,82
2666,14
2667,75
2668,93
2669,42
2670,60
2671,42
2672,89
2673,85
2674,42
2675,46
2676,66
2677,83
2678,54
2679,48
2680,68
2681,43
2682,55
2683,13
2684,52
2685,64
2686,77
2687,35
2688,7
2689,58
2690,7
2691,90
2692,24
2693,36
2694,98
2695,80
2696,73
2697,73
2698,59
2699,66
2700,3
2701,11
2702,74
2703,35
2704,90
2705,61
2706,1
2707,41
2708,52
2709,68
2710,16
2711,73
2712,37
2713,32
2714,76
2715,93
2716,81
2717,77
2718,72
2719,83
2720,24
2721,76
2722,96
2723,64
2724,60
2725,11
2726,54
2727,3
2728,28
2729,3
2730,53
2731,88
2732,52
2733,24
2734,34
2735,52
2736,8
2737,8
2738,100
2739,13
2740,76
2741,96
2742,62
2743,13
2744,38
2745,62
2746,92
2747,77
2748,15
2749,34
2750,66
2751,27
2752,50
2753,51
2754,32
2755,79
2756,44
2757,98
2758,42
2759,97
2760,48
2761,2
2762,64
2763,83
2764,73
2765,18
2766,51
2767,31
2768,31
2769,16
2770,17
2771,86
2772,27
2773,35
2774,41
2775,1
2776,29
2777,83
2778,37
2779,40
2780,23
2781,97
2782,39
2783,10
2784,35
2785,5
2786,33
2787,27
2788,70
2789,14
2790,16
2791,74
2792,98
2793,54
2794,19
2795,19
2796,67
2797,1
2798,33
2799,72
2800,42
2801,30
2802,21
2803,83
2804,56
2805,36
2806,64
2807,71
2808,48
2809,66
2810,82
2811,85
2812,12
2813,57
2814,19
2815,58
2816,66
2817,55
2818,91
2819,77
2820,69
2821,61
2822,29
2823,31
2824,24
2825,37
2826,1
2827,16
2828,36
2829,16
2830,23
2831,28
2832,8
2833,9
2834,60
2835,18
2836,28
2837,69
2838,81
2839,35
2840,97
2841,4
2842,13
2843,64
2844,22
2845,60
2846,27
2847,52
2848,85
2849,25
2850,19
2851,10
2852,50
2853,81
2854,30
2855,10
2856,27
2857,34
2858,39
2859,57
2860,3
2861,65
2862,86
2863,96
2864,54
2865,33
2866,56
2867,87
2868,34
2869,15
2870,47
2871,25
2872,87
2873,88
2874,16
2875,76
2876,81
2877,25
2878,65
2879,98
2880,27
2881,43
2882,29
2883,81
2884,79
2885,40
2886,16
2887,69
2888,89
2889,53
2890,80
2891,11
2892,46
2893,77
2894,53
2895,67
2896,26
2897,81
2898,11
2899,10
2900,89
2901,96
2902,41
2903,26
2904,43
2905,27
2906,27
2907,93
2908,81
2909,77
2910,82
2911,60
2912,40
2913,67
2914,76
2915,91
2916,99
2917,39
2918,72
2919,40
2920,57
2921,95
2922,99
2923,79
2924,18
2925,40
2926,27
2927,75
2928,64
2929,88
2930,74
2931,44
2932,99
2933,53
2934,43
2935,86
2936,10
2937,48
2938,96
2939,59
2940,27
2941,84
2942,97
2943,12
2944,68
2945,73
2946,30
2947,98
2948,9
2949,10
2950,50
2951,5
2952,27
2953,41
2954,76
2955,69
2956,83
2957,82
2958,48
2959,24
2960,5
2961,44
2962,76
2963,82
2964,62
2965,47
2966,65
2967,93
2968,70
2969,66
2970,42
2971,9
2972,15
2973,49
2974,18
2975,83
2976,73
2977,9
2978,35
2979,51
2980,46
2981,57
2982,1
2983,51
2984,81
2985,32
2986,48
2987,91
2988,73
2989,6
2990,6
2991,100
2992,68
2993,23
2994,55
2995,5
2996,54
2997,69
2998,42
2999,59
3000,96
3001,7
3002,4
3003,97
3004,74
3005,52
3006,49
3007,70
3008,64
3009,98
3010,98
3011,83
3012,5
3013,67
3014,45
3015,69
3016,31
3017,6
3018,35
3019,47
3020,33
3021,43
3022,60
3023,57
3024,25
3025,47
3026,17
3027,48
3028,59
3029,91
3030,33
3031,63
3032,22
3033,62
3034,97
3035,66
3036,64
3037,9
3038,35
3039,86
3040,76
3041,94
3042,99
3043,88
3044,91
3045,2
3046,35
3047,32
3048,76
3049,92
3050,66
3051,36
3052,44
3053,88
3054,55
3055,82
3056,75
3057,24
3058,94
3059,31
3060,66
3061,62
3062,53
3063,16
3064,31
3065,60
3066,88
3067,94
3068,37
3069,58
3070,47
3071,72
3072,38
3073,10
3074,83
3075,16
3076,50
3077,46
3078,88
3079,2
3080,68
3081,84
3082,91
3083,50
3084,71
3085,76
3086,46
3087,41
3088,20
3089,61
3090,52
3091,44
3092,41
3093,69
3094,3
3095,8
3096,1
3097,73
3098,27
3099,67
3100,37
3101,89
3102,95
3103,95
3104,8
3105,28
3106,96
3107,41
3108,30
3109,47
3110,15
3111,15
3112,15
3113,39
3114,73
3115,19
3116,34
3117,62
3118,5
3119,33
3120,58
3121,38
3122,28
3123,85
3124,3
3125,72
3126,79
3127,94
3128,83
3129,94
3130,16
3131,14
3132,42
3133,40
3134,24
3135,96
3136,85
3137,77
3138,68
3139,22
3140,98
3141,55
3142,87
3143,99
3144,25
3145,4
3146,38
3147,89
3148,7
3149,62
3150,7
3151,46
3152,91
3153,68
3154,36
3155,95
3156,74
3157,25
3158,30
3159,36
3160,24
3161,83
3162,21
3163,61
3164,16
3165,88
3166,100
3167,63
3168,58
3169,2
3170,26
3171,99
3172,99
3173,19
3174,10
3175,78
3176,40
3177,94
3178,55
3179,22
3180,12
3181,45
3182,35
3183,77
3184,11
3185,75
3186,98
3187,3
3188,58
3189,87
3190,79
3191,89
3192,1
3193,81
3194,14
3195,65
3196,26
3197,8
3198,20
3199,92
3200,11
3201,50
3202,47
3203,48
3204,17
3205,98
3206,11
3207,40
3208,44
3209,38
3210,38
3211,45
3212,94
3213,1
3214,91
3215,41
3216,98
3217,22
3218,15
3219,84
3220,4
3221,94
3222,41
3223,27
3224,41
3225,49
3226,29
3227,58
3228,77
3229,93
3230,46
3231,53
3232,27
3233,80
3234,1
3235,71
3236,54
3237,69
3238,46
3239,5
3240,12
3241,88
3242,76
3243,1
3244,84
3245,99
3246,93
3247,31
3248,84
3249,9
3250,48
3251,2
3252,14
3253,84
3254,92
3255,49
3256,52
3257,82
3258,63
3259,5
3260,10
3261,42
3262,39
3263,98
3264,76
3265,33
3266,57
3267,33
3268,25
3269,43
3270,65
3271,92
3272,87
3273,10
3274,18
3275,62
3276,7
3277,97
3278,89
3279,2
3280,10
3281,16
3282,80
3283,77
3284,83
3285,76
3286,39
3287,87
3288,75
3289,45
3290,64
3291,65
3292,71
3293,100
3294,24
3295,83
3296,59
3297,54
3298,74
3299,91
3300,14
3301,38
3302,60
3303,2
3304,61
3305,100
3306,81
3307,32
3308,71
3309,65
3310,84
3311,11
3312,10
3313,69
3314,18
3315,24
3316,89
3317,87
3318,18
3319,75
3320,95
3321,58
3322,40
3323,77
3324,35
3325,88
3326,9
3327,40
3328,51
3329,65
3330,28
3331,56
3332,62
3333,1
3334,62
3335,48
3336,44
3337,25
3338,87
3339,82
3340,34
3341,36
3342,95
3343,86
3344,1
3345,76
3346,44
3347,91
3348,7
3349,78
3350,76
3351,31
3352,70
3353,7
3354,3
3355,49
3356,79
3357,3
3358,75
3359,67
3360,29
3361,7
3362,26
3363,28
3364,87
3365,40
3366,7
3367,17
3368,23
3369,46
3370,31
3371,85
3372,75
3373,9
3374,98
3375,58
3376,73
3377,57
3378,22
3379,1
3380,69
3381,8
3382,70
3383,79
3384,43
3385,22
3386,40
3387,83
3388,83
3389,4
3390,80
3391,89
3392,8
3393,56
3394,35
3395,20
3396,47
3397,73
3398,40
3399,85
3400,65
3401,86
3402,33
3403,54
3404,61
3405,57
3406,70
3407,5
3408,65
3409,3
3410,41
3411,50
3412,2
3413,15
3414,54
3415,15
3416,46
3417,66
3418,82
3419,67
3420,88
3421,25
3422,68
3423,90
3424,90
3425,2
3426,24
3427,54
3428,100
3429,92
3430,72
3431,34
3432,3
3433,64
3434,55
3435,1
3436,62
3437,43
3438,43
3439,89
3440,61
3441,62
3442,54
3443,23
3444,94
3445,80
3446,26
3447,17
3448,23
3449,35
3450,5
3451,81
3452,96
3453,92
3454,74
3455,43
3456,32
3457,69
3458,59
3459,9
3460,88
3461,7
3462,13
3463,33
3464,21
3465,15
3466,46
3467,74
3468,36
3469,67
3470,55
3471,6
3472,55
3473,48
3474,98
3475,67
3476,60
3477,13
3478,7
3479,46
3480,94
3481,54
3482,94
3483,3
3484,99
3485,73
3486,57
3487,7
3488,42
3489,46
3490,70
3491,75
3492,95
3493,3
3494,59
3495,1
3496,86
3497,99
3498,58
3499,47
3500,90
3501,35
3502,53
3503,96
3504,29
3505,96
3506,21
3507,41
3508,75
3509,60
3510,97
3511,9
3512,82
3513,81
3514,74
3515,26
3516,35
3517,53
3518,71
3519,95
3520,59
3521,42
3522,59
3523,80
3524,96
3525,45
3526,89
3527,49
3528,78
3529,100
3530,24
3531,19
3532,75
3533,70
3534,82
3535,13
3536,97
3537,13
3538,15
3539,34
3540,71
3541,24
3542,53
3543,85
3544,51
3545,41
3546,70
3547,52
3548,84
3549,92
3550,55
3551,26
3552,71
3553,26
3554,97
3555,80
3556,42
3557,99
3558,87
3559,56
3560,32
3561,97
3562,47
3563,89
3564,44
3565,79
3566,34
3567,85
3568,56
3569,33
3570,58
3571,5
3572,51
3573,66
3574,82
3575,31
3576,51
3577,63
3578,7
3579,81
3580,57
3581,99
3582,67
3583,35
3584,29
3585,1
3586,15
3587,40
3588,76
3589,93
3590,68
3591,68
3592,55
3593,75
3594,83
3595,91
3596,26
3597,55
3598,20
3599,85
3600,75
3601,51
3602,87
3603,55
3604,18
3605,14
3606,43
3607,12
3608,91
3609,61
3610,30
3611,45
3612,57
3613,67
3614,52
3615,4
3616,17
3617,71
3618,37
3619,77
3620,64
3621,27
3622,70
3623,39
3624,23
3625,90
3626,4
3627,71
3628,77
3629,76
3630,76
3631,8
3632,1
3633,88
3634,9
3635,88
3636,44
3637,22
3638,93
3639,58
3640,77
3641,6
3642,7
3643,61
3644,2
3645,79
3646,34
3647,36
3648,94
3649,51
3650,27
3651,40
3652,91
3653,74
3654,100
3655,79
3656,99
3657,19
3658,77
3659,10
3660,7
3661,46
3662,40
3663,5
3664,54
3665,28
3666,1
3667,37
3668,28
3669,15
3670,70
3671,86
3672,6
3673,4
3674,83
3675,66
3676,78
3677,33
3678,73
3679,73
3680,84
3681,54
3682,14
3683,25
3684,17
3685,71
3686,78
3687,87
3688,67
3689,67
3690,7
3691,79
3692,11
3693,18
3694,65
3695,18
3696,74
3697,83
3698,32
3699,50
3700,30
3701,11
3702,96
3703,36
3704,3
3705,90
3706,42
3707,97
3708,10
3709,64
3710,6
3711,42
3712,74
3713,73
3714,23
3715,27
3716,54
3717,1
3718,12
3719,35
3720,5
3721,26
3722,26
3723,4
3724,6
3725,8
3726,70
3727,81
3728,90
3729,56
3730,2
3731,58
3732,57
3733,16
3734,97
3735,48
3736,91
3737,16
3738,17
3739,63
3740,28
3741,25
3742,47
3743,97
3744,34
3745,78
3746,74
3747,8
3748,76
3749,30
3750,73
3751,75
3752,97
3753,29
3754,31
3755,19
3756,29
3757,54
3758,62
3759,29
3760,45
3761,31
3762,19
3763,37
3764,1
3765,47
3766,100
3767,12
3768,72
3769,88
3770,28
3771,71
3772,87
3773,84
3774,18
3775,3
3776,65
3777,1
3778,65
3779,19
3780,24
3781,59
3782,55
3783,38
3784,99
3785,14
3786,83
3787,87
3788,28
3789,35
3790,45
3791,83
3792,13
3793,31
3794,81
3795,26
3796,37
3797,90
3798,19
3799,99
3800,22
3801,89
3802,46
3803,94
3804,67
3805,95
3806,26
3807,77
3808,21
3809,88
3810,49
3811,16
3812,1
3813,86
3814,96
3815,2
3816,69
3817,25
3818,11
3819,94
3820,69
3821,85
3822,77
3823,16
3824,67
3825,79
3826,84
3827,59
3828,90
3829,1
3830,7
3831,42
3832,39
3833,61
3834,22
3835,35
3836,40
3837,14
3838,37
3839,57
3840,89
3841,4
3842,5
3843,7
3844,54
3845,13
3846,20
3847,56
3848,61
3849,37
3850,99
3851,86
3852,56
3853,28
3854,31
3855,43
3856,4
3857,41
3858,39
3859,65
3860,31
3861,65
3862,72
3863,65
3864,60
3865,8
3866,96
3867,59
3868,61
3869,24
3870,96
3871,9
3872,43
3873,99
3874,71
3875,4
3876,33
3877,8
3878,37
3879,31
3880,28
3881,45
3882,17
3883,81
3884,95
3885,5
3886,61
3887,71
3888,98
3889,81
3890,60
3891,45
3892,70
3893,49
3894,2
3895,65
3896,51
3897,87
3898,74
3899,18
3900,87
3901,89
3902,71
3903,36
3904,20
3905,14
3906,73
3907,14
3908,94
3909,79
3910,55
3911,60
3912,38
3913,44
3914,53
3915,73
3916,24
3917,60
3918,89
3919,16
3920,24
3921,81
3922,2
3923,2
3924,89
3925,38
3926,24
3927,60
3928,55
3929,37
3930,90
3931,95
3932,39
3933,55
3934,12
3935,24
3936,71
3937,97
3938,14
3939,55
3940,2
3941,83
3942,30
3943,82
3944,48
3945,44
3946,36
3947,10
3948,74
3949,47
3950,66
3951,65
3952,77
3953,46
3954,9
3955,7
3956,20
3957,98
3958,39
3959,37
3960,2
3961,36
3962,24
3963,51
3964,16
3965,86
3966,95
3967,9
3968,57
3969,78
3970,37
3971,73
3972,25
3973,90
3974,87
3975,38
3976,4
3977,89
3978,80
3979,49
3980,47
3981,72
3982,71
3983,92
3984,79
3985,85
3986,38
3987,34
3988,22
3989,71
3990,43
3991,75
3992,14
3993,32
3994,73
3995,60
3996,71
3997,94
3998,97
3999,87
4000,12
4001,91
4002,51
4003,46
4004,20
4005,94
4006,80
4007,51
4008,31
4009,94
4010,3
4011,8
4012,83
4013,81
4014,88
4015,52
4016,47
4017,18
4018,62
4019,39
4020,40
4021,13
4022,99
4023,45
4024,67
4025,22
4026,86
4027,56
4028,38
4029,9
4030,40
4031,56
4032,72
4033,36
4034,8
4035,38
4036,47
4037,59
4038,55
4039,40
4040,89
4041,47
4042,28
4043,23
4044,51
4045,61
4046,15
4047,46
4048,47
4049,99
4050,73
4051,41
4052,58
4053,19
4054,55
4055,72
4056,31
4057,42
4058,57
4059,8
4060,84
4061,50
4062,17
4063,54
4064,82
4065,63
4066,54
4067,67
4068,71
4069,55
4070,2
4071,98
4072,98
4073,4
4074,52
4075,82
4076,21
4077,33
4078,81
4079,57
4080,8
4081,37
4082,83
4083,96
4084,97
4085,100
4086,8
4087,36
4088,45
4089,23
4090,47
4091,65
4092,49
4093,78
4094,95
4095,94
4096,40
4097,4
4098,71
4099,61
4100,35
4101,24
4102,10
4103,73
4104,49
4105,32
4106,59
4107,95
4108,83
4109,26
4110,59
4111,59
4112,8
4113,12
4114,65
4115,87
4116,97
4117,6
4118,39
4119,23
4120,49
4121,96
4122,86
4123,3
4124,67
4125,98
4126,96
4127,22
4128,18
4129,1
4130,1
4131,83
4132,28
4133,51
4134,41
4135,8
4136,34
4137,53
4138,18
4139,67
4140,12
4141,7
4142,27
4143,71
4144,1
4145,11
4146,18
4147,12
4148,58
4149,96
4150,12
4151,85
4152,18
4153,52
4154,17
4155,95
4156,4
4157,43
4158,92
4159,94
4160,17
4161,89
4162,70
4163,85
4164,4
4165,81
4166,9
4167,62
4168,7
4169,70
4170,34
4171,67
4172,86
4173,84
4174,73
4175,2
4176,16
4177,45
4178,87
4179,51
4180,50
4181,50
4182,11
4183,40
4184,19
4185,86
4186,84
4187,52
4188,85
4189,50
4190,10
4191,21
4192,91
4193,28
4194,27
4195,6
4196,100
4197,26
4198,36
4199,74
4200,3
4201,31
4202,56
4203,67
4204,74
4205,54
4206,96
4207,12
4208,64
4209,58
4210,55
4211,45
4212,93
4213,39
4214,64
4215,46
4216,55
4217,4
4218,59
4219,49
4220,80
4221,21
4222,13
4223,64
4224,12
4225,37
4226,18
4227,49
4228,46
4229,78
4230,89
4231,62
4232,56
4233,3
4234,14
4235,58
4236,58
4237,95
4238,6
4239,58
4240,69
4241,6
4242,87
4243,11
4244,88
4245,78
4246,46
4247,20
4248,22
4249,52
4250,21
4251,74
4252,43
4253,16
4254,17
4255,88
4256,75
4257,18
4258,26
4259,85
4260,9
4261,31
4262,71
4263,32
4264,1
4265,96
4266,11
4267,55
4268,18
4269,11
4270,20
4271,25
4272,15
4273,51
4274,13
4275,4
4276,71
4277,83
4278,78
4279,8
4280,39
4281,41
4282,61
4283,36
4284,92
4285,17
4286,84
4287,19
4288,79
4289,48
4290,50
4291,66
4292,6
4293,95
4294,34
4295,98
4296,33
4297,84
4298,29
4299,45
4300,71
4301,75
4302,41
4303,93
4304,56
4305,26
4306,92
4307,54
4308,67
4309,6
4310,51
4311,88
4312,45
4313,25
4314,77
4315,42
4316,95
4317,11
4318,6
4319,3
4320,17
4321,16
4322,65
4323,63
4324,97
4325,84
4326,45
4327,1
4328,48
4329,92
4330,53
4331,81
4332,43
4333,82
4334,75
4335,22
4336,18
4337,28
4338,57
4339,85
4340,41
4341,45
4342,31
4343,68
4344,52
4345,81
4346,44
4347,10
4348,81
4349,9
4350,70
4351,55
4352,58
4353,37
4354,37
4355,83
4356,1
4357,12
4358,72
4359,38
4360,98
4361,75
4362,97
4363,8
4364,25
4365,63
4366,9
4367,89
4368,26
4369,74
4370,70
4371,80
4372,50
4373,94
4374,78
4375,29
4376,34
4377,48
4378,25
4379,93
4380,80
4381,42
4382,43
4383,17
4384,75
4385,56
4386,68
4387,81
4388,20
4389,90
4390,56
4391,48
4392,33
4393,5
4394,43
4395,16
4396,98
4397,47
4398,27
4399,76
4400,76
4401,86
4402,57
4403,70
4404,9
4405,24
4406,2
4407,26
4408,1
4409,23
4410,15
4411,44
4412,53
4413,1
4414,52
4415,2
4416,63
4417,48
4418,36
4419,1
4420,27
4421,6
4422,32
4423,91
4424,58
4425,30
4426,21
4427,84
4428,45
4429,44
4430,86
4431,30
4432,4
4433,90
4434,77
4435,19
4436,22
4437,67
4438,85
4439,14
4440,67
4441,47
4442,50
4443,97
4444,4
4445,80
4446,70
4447,51
4448,92
4449,13
4450,2
4451,75
4452,52
4453,93
4454,67
4455,64
4456,56
4457,61
4458,75
4459,12
4460,18
4461,17
4462,76
4463,29
4464,57
4465,27
4466,1
4467,85
4468,72
4469,4
4470,93
4471,40
4472,21
4473,84
4474,23
4475,11
4476,38
4477,80
4478,75
4479,13
4480,93
4481,92
4482,94
4483,30
4484,99
4485,41
4486,18
4487,40
4488,86
4489,61
4490,29
4491,22
4492,98
4493,25
4494,99
4495,33
4496,12
4497,10
4498,24
4499,33
4500,74
4501,7
4502,26
4503,58
4504,86
4505,74
4506,66
4507,75
4508,77
4509,75
4510,25
4511,48
4512,38
4513,59
4514,98
4515,26
4516,55
4517,57
4518,35
4519,62
4520,63
4521,39
4522,95
4523,11
4524,55
4525,28
4526,32
4527,7
4528,37
4529,32
4530,81
4531,100
4532,96
4533,92
4534,48
4535,70
4536,2
4537,63
4538,32
4539,54
4540,19
4541,12
4542,49
4543,80
4544,21
4545,20
4546,19
4547,88
4548,44
4549,95
4550,72
4551,69
4552,29
4553,94
4554,27
4555,99
4556,16
4557,89
4558,79
4559,58
4560,12
4561,10
4562,41
4563,76
4564,17
4565,76
4566,12
4567,36
4568,27
4569,66
4570,31
4571,74
4572,61
4573,62
4574,61
4575,42
4576,45
4577,82
4578,32
4579,58
4580,37
4581,44
4582,31
4583,76
4584,32
4585,51
4586,59
4587,28
4588,56
4589,17
4590,60
4591,3
4592,98
4593,14
4594,98
4595,87
4596,80
4597,20
4598,97
4599,63
4600,34
4601,23
4602,12
4603,19
4604,75
4605,53
4606,72
4607,59
4608,79
4609,90
4610,39
4611,76
4612,17
4613,90
4614,42
4615,47
4616,97
4617,27
4618,20
4619,34
4620,64
4621,17
4622,33
4623,81
4624,57
4625,59
4626,85
4627,70
4628,16
4629,94
4630,74
4631,59
4632,53
4633,53
4634,96
4635,94
4636,42
4637,24
4638,40
4639,76
4640,37
4641,73
4642,66
4643,73
4644,44
4645,28
4646,6
4647,36
4648,70
4649,75
4650,23
4651,79
4652,45
4653,69
4654,33
4655,80
4656,2
4657,66
4658,20
4659,66
4660,34
4661,49
4662,18
4663,60
4664,73
4665,63
4666,59
4667,94
4668,35
4669,5
4670,10
4671,15
4672,94
4673,71
4674,48
4675,85
4676,99
4677,53
4678,73
4679,53
4680,86
4681,13
4682,12
4683,49
4684,50
4685,44
4686,26
4687,75
4688,54
4689,82
4690,84
4691,13
4692,57
4693,99
4694,10
4695,50
4696,83
4697,77
4698,35
4699,53
4700,22
4701,85
4702,16
4703,3
4704,12
4705,36
4706,34
4707,69
4708,44
4709,44
4710,86
4711,45
4712,79
4713,42
4714,78
4715,4
4716,88
4717,40
4718,100
4719,55
4720,70
4721,33
4722,39
4723,29
4724,6
4725,95
4726,34
4727,36
4728,42
4729,72
4730,38
4731,1
4732,35
4733,56
4734,76
4735,26
4736,79
4737,95
4738,66
4739,55
4740,22
4741,86
4742,90
4743,13
4744,39
4745,12
4746,38
4747,84
4748,91
4749,97
4750,35
4751,63
4752,9
4753,3
4754,60
4755,67
4756,43
4757,24
4758,46
4759,22
4760,44
4761,67
4762,37
4763,66
4764,29
4765,15
4766,27
4767,69
4768,93
4769,8
4770,36
4771,80
4772,96
4773,66
4774,57
4775,60
4776,12
4777,48
4778,11
4779,64
4780,19
4781,18
4782,4
4783,11
4784,35
4785,19
4786,97
4787,54
4788,5
4789,20
4790,5
4791,16
4792,46
4793,71
4794,98
4795,91
4796,5
4797,25
4798,64
4799,12
4800,17
4801,54
4802,85
4803,85
4804,89
4805,32
4806,83
4807,62
4808,36
4809,21
4810,4
4811,57
4812,73
4813,4
4814,99
4815,46
4816,33
4817,14
4818,80
4819,3
4820,78
4821,95
4822,95
4823,90
4824,53
4825,42
4826,8
4827,93
4828,36
4829,15
4830,27
4831,29
4832,1
4833,95
4834,71
4835,46
4836,56
4837,58
4838,43
4839,41
4840,40
4841,78
4842,47
4843,48
4844,58
4845,41
4846,49
4847,1
4848,65
4849,26
4850,50
4851,85
4852,70
4853,41
4854,16
4855,64
4856,74
4857,82
4858,29
4859,77
4860,7
4861,35
4862,36
4863,5
4864,77
4865,15
4866,31
4867,71
4868,16
4869,28
4870,67
4871,64
4872,28
4873,32
4874,70
4875,19
4876,8
4877,94
4878,78
4879,20
4880,26
4881,89
4882,93
4883,79
4884,95
4885,12
4886,97
4887,87
4888,6
4889,3
4890,48
4891,17
4892,45
4893,23
4894,59
4895,69
4896,52
4897,78
4898,17
4899,21
4900,100
4901,88
4902,59
4903,81
4904,66
4905,16
4906,65
4907,32
4908,88
4909,34
4910,82
4911,51
4912,28
4913,83
4914,80
4915,13
4916,47
4917,4
4918,52
4919,76
4920,69
4921,17
4922,59
4923,11
4924,16
4925,100
4926,32
4927,53
4928,37
4929,13
4930,83
4931,53
4932,68
4933,95
4934,9
4935,74
4936,2
4937,28
4938,53
4939,84
4940,90
4941,8
4942,42
4943,65
4944,84
4945,15
4946,83
4947,29
4948,74
4949,4
4950,48
4951,48
4952,61
4953,81
4954,36
4955,87
4956,37
4957,14
4958,42
4959,96
4960,18
4961,62
4962,24
4963,10
4964,41
4965,16
4966,75
4967,64
4968,47
4969,18
4970,39
4971,34
4972,41
4973,59
4974,45
4975,91
4976,6
4977,21
4978,79
4979,77
4980,10
4981,51
4982,64
4983,59
4984,2
4985,23
4986,38
4987,40
4988,30
4989,22
4990,93
4991,35
4992,1
4993,28
4994,42
4995,68
4996,60
4997,86
4998,4
4999,87
